Datetime,Water Level (m)
2025-06-22 12:00:00,0.08532379
2025-06-22 13:00:00,0.37015837
2025-06-22 14:00:00,0.5966787
2025-06-22 15:00:00,0.7582065
2025-06-22 16:00:00,0.87057436
2025-06-22 17:00:00,0.8617401
2025-06-22 18:00:00,0.68950886
2025-06-22 19:00:00,0.43601012
2025-06-22 20:00:00,0.24602944
2025-06-22 21:00:00,0.096794546
2025-06-22 22:00:00,-0.009914768
2025-06-22 23:00:00,-0.11181734
2025-06-23 00:00:00,-0.15746571
2025-06-23 01:00:00,0.16008702
2025-06-23 02:00:00,0.52067053
2025-06-23 03:00:00,0.77359337
2025-06-23 04:00:00,1.0474023
2025-06-23 05:00:00,1.1792233
2025-06-23 06:00:00,1.1962664
2025-06-23 07:00:00,1.0507418
2025-06-23 08:00:00,0.8208856
2025-06-23 09:00:00,0.6469288
2025-06-23 10:00:00,0.5034611
2025-06-23 11:00:00,0.37714374
2025-06-23 12:00:00,0.2489723
2025-06-23 13:00:00,0.16892064
2025-06-23 14:00:00,0.36374903
2025-06-23 15:00:00,0.68152344
2025-06-23 16:00:00,0.8597871
2025-06-23 17:00:00,1.0192384
2025-06-23 18:00:00,1.0174856
2025-06-23 19:00:00,0.8238439
2025-06-23 20:00:00,0.5538225
2025-06-23 21:00:00,0.36684707
2025-06-23 22:00:00,0.2211848
2025-06-23 23:00:00,0.10746688
2025-06-24 00:00:00,-0.0032491873
2025-06-24 01:00:00,-0.05431271
2025-06-24 02:00:00,0.28399438
2025-06-24 03:00:00,0.6822795
2025-06-24 04:00:00,0.96860486
2025-06-24 05:00:00,1.2668077
2025-06-24 06:00:00,1.4058795
2025-06-24 07:00:00,1.3986169
2025-06-24 08:00:00,1.1949292
2025-06-24 09:00:00,0.9484827
2025-06-24 10:00:00,0.77069926
2025-06-24 11:00:00,0.61559266
2025-06-24 12:00:00,0.47493136
2025-06-24 13:00:00,0.33667514
2025-06-24 14:00:00,0.25749126
2025-06-24 15:00:00,0.47100458
2025-06-24 16:00:00,0.7792374
2025-06-24 17:00:00,0.9618665
2025-06-24 18:00:00,1.1059277
2025-06-24 19:00:00,1.0651714
2025-06-24 20:00:00,0.81957674
2025-06-24 21:00:00,0.56134117
2025-06-24 22:00:00,0.3830325
2025-06-24 23:00:00,0.24399064
2025-06-25 00:00:00,0.11996129
2025-06-25 01:00:00,0.0033331541
2025-06-25 02:00:00,-0.038544558
2025-06-25 03:00:00,0.3420253
2025-06-25 04:00:00,0.72653234
2025-06-25 05:00:00,1.0151857
2025-06-25 06:00:00,1.3007718
2025-06-25 07:00:00,1.4066577
2025-06-25 08:00:00,1.3278487
2025-06-25 09:00:00,1.0510995
2025-06-25 10:00:00,0.8155548
2025-06-25 11:00:00,0.63904315
2025-06-25 12:00:00,0.49280527
2025-06-25 13:00:00,0.34773937
2025-06-25 14:00:00,0.2078298
2025-06-25 15:00:00,0.13209099
2025-06-25 16:00:00,0.3792212
2025-06-25 17:00:00,0.6994671
2025-06-25 18:00:00,0.9008978
2025-06-25 19:00:00,1.058847
2025-06-25 20:00:00,1.0139464
2025-06-25 21:00:00,0.7502108
2025-06-25 22:00:00,0.48588526
2025-06-25 23:00:00,0.3061761
2025-06-26 00:00:00,0.1673554
2025-06-26 01:00:00,0.04588656
2025-06-26 02:00:00,-0.05800867
2025-06-26 03:00:00,-0.04744907
2025-06-26 04:00:00,0.39098302
2025-06-26 05:00:00,0.7479895
2025-06-26 06:00:00,1.0565407
2025-06-26 07:00:00,1.3330243
2025-06-26 08:00:00,1.4222378
2025-06-26 09:00:00,1.3055317
2025-06-26 10:00:00,1.0027621
2025-06-26 11:00:00,0.77809566
2025-06-26 12:00:00,0.6034892
2025-06-26 13:00:00,0.46084684
2025-06-26 14:00:00,0.31527293
2025-06-26 15:00:00,0.17856134
2025-06-26 16:00:00,0.14251794
2025-06-26 17:00:00,0.46670148
2025-06-26 18:00:00,0.75370294
2025-06-26 19:00:00,0.94521683
2025-06-26 20:00:00,1.0728186
2025-06-26 21:00:00,0.9703353
2025-06-26 22:00:00,0.67941815
2025-06-26 23:00:00,0.4450012
2025-06-27 00:00:00,0.27560225
2025-06-27 01:00:00,0.15022753
2025-06-27 02:00:00,0.035936534
2025-06-27 03:00:00,-0.056011062
2025-06-27 04:00:00,0.0560062
2025-06-27 05:00:00,0.5466622
2025-06-27 06:00:00,0.8827568
2025-06-27 07:00:00,1.2049268
2025-06-27 08:00:00,1.4313694
2025-06-27 09:00:00,1.4687252
2025-06-27 10:00:00,1.2756481
2025-06-27 11:00:00,0.96341914
2025-06-27 12:00:00,0.75982887
2025-06-27 13:00:00,0.59448516
2025-06-27 14:00:00,0.46101725
2025-06-27 15:00:00,0.31902355
2025-06-27 16:00:00,0.19642082
2025-06-27 17:00:00,0.25530386
2025-06-27 18:00:00,0.61189145
2025-06-27 19:00:00,0.84501255
2025-06-27 20:00:00,1.0255008
2025-06-27 21:00:00,1.0830387
2025-06-27 22:00:00,0.91264325
2025-06-27 23:00:00,0.62764364
2025-06-28 00:00:00,0.4208737
2025-06-28 01:00:00,0.27003843
2025-06-28 02:00:00,0.15052596
2025-06-28 03:00:00,0.04135885
2025-06-28 04:00:00,-0.02412956
2025-06-28 05:00:00,0.24498226
2025-06-28 06:00:00,0.665215
2025-06-28 07:00:00,0.95420086
2025-06-28 08:00:00,1.2474366
2025-06-28 09:00:00,1.3888948
2025-06-28 10:00:00,1.3525192
2025-06-28 11:00:00,1.0907952
2025-06-28 12:00:00,0.81872207
